nbytes,chunksize,method,mode,runtime,version,Throughput (Gbps),chunk size (MB)
3200000000,200000000,zarr-s3fs,write,8.283232151999982,,3.090581011159864,200.0
3200000000,200000000,zarr-s3fs,read,4.792811971999981,,5.341332009174864,200.0
3200000000,50000000,zarr-s3fs,write,5.0714696680006455,,5.04784641847073,50.0
3200000000,50000000,zarr-s3fs,read,4.0385113669999555,,6.338969405703862,50.0
3200000000,12500000,zarr-s3fs,write,8.829056892000153,,2.89951693744274,12.5
3200000000,12500000,zarr-s3fs,read,4.38388733299962,,5.839566132846648,12.5
3200000000,3125000,zarr-s3fs,write,11.060518735999722,,2.314538821463884,3.125
3200000000,3125000,zarr-s3fs,read,9.193341539999892,,2.7846240552051,3.125
3200000000,781250,zarr-s3fs,write,38.27071003199944,,0.6689188671596363,0.78125
3200000000,781250,zarr-s3fs,read,33.78862798299997,,0.7576513616616838,0.78125
3200000000,200000000,zarr-s3fs,write,5.559752060000392,,4.604521878624602,200.0
3200000000,200000000,zarr-s3fs,read,4.710841733000052,,5.434272992163737,200.0
3200000000,50000000,zarr-s3fs,write,6.003020551000191,,4.264519800075425,50.0
3200000000,50000000,zarr-s3fs,read,4.077715882999655,,6.278024446658626,50.0
3200000000,12500000,zarr-s3fs,write,7.646997030999955,,3.347719359144622,12.5
3200000000,12500000,zarr-s3fs,read,4.155229374000555,,6.160911395212085,12.5
3200000000,3125000,zarr-s3fs,write,11.053285496999706,,2.3160534491711844,3.125
3200000000,3125000,zarr-s3fs,read,9.046293858000354,,2.8298881731948042,3.125
3200000000,781250,zarr-s3fs,write,38.34295031200054,,0.6676585863030925,0.78125
3200000000,781250,zarr-s3fs,read,33.63587537999956,,0.7610921288887333,0.78125
3200000000,200000000,zarr-s3fs,write,5.4967243990004135,,4.657319185341618,200.0
3200000000,200000000,zarr-s3fs,read,4.798937991000457,,5.334513604470027,200.0
3200000000,50000000,zarr-s3fs,write,5.147684337999635,,4.973109910998939,50.0
3200000000,50000000,zarr-s3fs,read,4.03858294300062,,6.338857059842752,50.0
3200000000,12500000,zarr-s3fs,write,7.8250849639998705,,3.2715299728725635,12.5
3200000000,12500000,zarr-s3fs,read,4.5224165199997515,,5.660690448742967,12.5
3200000000,3125000,zarr-s3fs,write,10.816881151000416,,2.366671098871447,3.125
3200000000,3125000,zarr-s3fs,read,9.092986433000078,,2.815356669519819,3.125
3200000000,781250,zarr-s3fs,write,37.55285934699987,,0.681705746117711,0.78125
3200000000,781250,zarr-s3fs,read,32.69521067700043,,0.782989296288842,0.78125
3200000000,200000000,zarr-s3fs,write,5.334963790000074,,4.798533037465966,200.0
3200000000,200000000,zarr-s3fs,read,4.97025458600001,,5.150641593311724,200.0
3200000000,50000000,zarr-s3fs,write,4.8693655480001325,,5.257358427426756,50.0
3200000000,50000000,zarr-s3fs,read,4.072947175000081,,6.2853749140509025,50.0
3200000000,12500000,zarr-s3fs,write,6.023591846999807,,4.249955948252152,12.5
3200000000,12500000,zarr-s3fs,read,4.29603728299935,,5.958979942121669,12.5
3200000000,3125000,zarr-s3fs,write,10.979576480000105,,2.3316017741332544,3.125
3200000000,3125000,zarr-s3fs,read,9.098994328000117,,2.813497742406733,3.125
3200000000,781250,zarr-s3fs,write,38.38629484900048,,0.6669046882670571,0.78125
3200000000,781250,zarr-s3fs,read,35.31549479900059,,0.724894275039988,0.78125
3200000000,200000000,zarr-s3fs,write,8.31045080000058,,3.080458643711387,200.0
3200000000,200000000,zarr-s3fs,read,4.744581795999693,,5.395628340011794,200.0
3200000000,50000000,zarr-s3fs,write,4.741162171000724,,5.399520007263655,50.0
3200000000,50000000,zarr-s3fs,read,4.080942116999722,,6.27306128488314,50.0
3200000000,12500000,zarr-s3fs,write,6.039373429999614,,4.23885032060381,12.5
3200000000,12500000,zarr-s3fs,read,4.460077764999369,,5.739810234004658,12.5
3200000000,3125000,zarr-s3fs,write,11.483668355999725,,2.2292528142041905,3.125
3200000000,3125000,zarr-s3fs,read,9.56582692200027,,2.6761930995346606,3.125
3200000000,781250,zarr-s3fs,write,40.6959824709993,,0.629054723478983,0.78125
3200000000,781250,zarr-s3fs,read,37.03458603099989,,0.6912457446823209,0.78125
3200000000,200000000,zarr-obstore,write,2.6678450930003237,,9.595759539100381,200.0
3200000000,200000000,zarr-obstore,read,2.668131813999935,,9.594728365995424,200.0
3200000000,50000000,zarr-obstore,write,2.6365244369999346,,9.70975259729809,50.0
3200000000,50000000,zarr-obstore,read,1.9764702590000525,,12.952383109954663,50.0
3200000000,12500000,zarr-obstore,write,2.560116642000139,,9.999544387946136,12.5
3200000000,12500000,zarr-obstore,read,1.827074279000044,,14.01147194410227,12.5
3200000000,3125000,zarr-obstore,write,2.013882926000406,,12.711761775964746,3.125
3200000000,3125000,zarr-obstore,read,1.9264462940000158,,13.288717198985559,3.125
3200000000,781250,zarr-obstore,write,3.7779373740004303,,6.776184321153091,0.78125
3200000000,781250,zarr-obstore,read,1.9303784860003361,,13.261648006159733,0.78125
3200000000,200000000,zarr-obstore,write,2.671491409999362,,9.5826622927476,200.0
3200000000,200000000,zarr-obstore,read,2.668389438000304,,9.59380202733252,200.0
3200000000,50000000,zarr-obstore,write,2.6600742600003286,,9.623791480165986,50.0
3200000000,50000000,zarr-obstore,read,2.101221261000319,,12.183390904684032,50.0
3200000000,12500000,zarr-obstore,write,2.49078783799996,,10.277872570855394,12.5
3200000000,12500000,zarr-obstore,read,2.1202430229996025,,12.074087603308104,12.5
3200000000,3125000,zarr-obstore,write,2.206960550999611,,11.59966361356339,3.125
3200000000,3125000,zarr-obstore,read,1.8576918549997572,,13.780541660394665,3.125
3200000000,781250,zarr-obstore,write,4.017399330000444,,6.372281642212842,0.78125
3200000000,781250,zarr-obstore,read,1.9883902820001822,,12.874736027299521,0.78125
3200000000,200000000,zarr-obstore,write,2.7669251609995626,,9.25214760443752,200.0
3200000000,200000000,zarr-obstore,read,2.778835490000347,,9.212492100421821,200.0
3200000000,50000000,zarr-obstore,write,2.6186828159998186,,9.77590712536366,50.0
3200000000,50000000,zarr-obstore,read,2.114171870000064,,12.108760107568372,50.0
3200000000,12500000,zarr-obstore,write,2.5569388009998875,,10.01197212463167,12.5
3200000000,12500000,zarr-obstore,read,1.816760445,,14.09101572552126,12.5
3200000000,3125000,zarr-obstore,write,2.0045974640006534,,12.770643712633,3.125
3200000000,3125000,zarr-obstore,read,1.8938223420000213,,13.517635436154187,3.125
3200000000,781250,zarr-obstore,write,3.732162541999969,,6.859293964801871,0.78125
3200000000,781250,zarr-obstore,read,1.9740767130006134,,12.968087730029389,0.78125
3200000000,200000000,zarr-obstore,write,2.778066838999621,,9.215041064029451,200.0
3200000000,200000000,zarr-obstore,read,3.863596303000122,,6.625951055010933,200.0
3200000000,50000000,zarr-obstore,write,2.9955368230002932,,8.546047507558045,50.0
3200000000,50000000,zarr-obstore,read,2.2657573710002907,,11.29865021191482,50.0
3200000000,12500000,zarr-obstore,write,2.4348437189992183,,10.514021824169578,12.5
3200000000,12500000,zarr-obstore,read,1.8305580610003744,,13.9848063524464,12.5
3200000000,3125000,zarr-obstore,write,2.0649101279996103,,12.397633995238378,3.125
3200000000,3125000,zarr-obstore,read,1.8878168399996866,,13.560637588127591,3.125
3200000000,781250,zarr-obstore,write,3.70434929700059,,6.9107953779435185,0.78125
3200000000,781250,zarr-obstore,read,1.9685036539995053,,13.004801869677623,0.78125
3200000000,200000000,zarr-obstore,write,2.805698685000607,,9.124286986645702,200.0
3200000000,200000000,zarr-obstore,read,2.701420441000664,,9.47649599871881,200.0
3200000000,50000000,zarr-obstore,write,2.715390194000065,,9.427742670856603,50.0
3200000000,50000000,zarr-obstore,read,1.9621134650005843,,13.04715576170432,50.0
3200000000,12500000,zarr-obstore,write,2.3636853999996674,,10.83054453862752,12.5
3200000000,12500000,zarr-obstore,read,1.8664312520004387,,13.716015509578481,12.5
3200000000,3125000,zarr-obstore,write,2.001388575999954,,12.791119279378053,3.125
3200000000,3125000,zarr-obstore,read,1.8489978979996522,,13.845337535372805,3.125
3200000000,781250,zarr-obstore,write,3.6986767100006546,,6.9213943275392324,0.78125
3200000000,781250,zarr-obstore,read,2.142249508000532,,11.950055259386547,0.78125
3200000000,200000000,zarr-icechunk,write,3.680817976000071,1.1.12,6.954975814321416,200.0
3200000000,200000000,zarr-icechunk,read,2.470560406999539,1.1.12,10.36202147798962,200.0
3200000000,50000000,zarr-icechunk,write,2.731550479999896,1.1.12,9.371966649505584,50.0
3200000000,50000000,zarr-icechunk,read,2.1067523830006394,1.1.12,12.151404316219649,50.0
3200000000,12500000,zarr-icechunk,write,7.008239704000516,1.1.12,3.652843093449949,12.5
3200000000,12500000,zarr-icechunk,read,1.8502627880006912,1.1.12,13.835872485800886,12.5
3200000000,3125000,zarr-icechunk,write,2.040289125000527,1.1.12,12.54724131316114,3.125
3200000000,3125000,zarr-icechunk,read,1.8955252220002876,1.1.12,13.505491619354519,3.125
3200000000,781250,zarr-icechunk,write,3.7443434950000665,1.1.12,6.836979575774616,0.78125
3200000000,781250,zarr-icechunk,read,2.101282937999713,1.1.12,12.183033296967405,0.78125
3200000000,200000000,zarr-icechunk,write,7.311372760999802,1.1.12,3.501394449008957,200.0
3200000000,200000000,zarr-icechunk,read,2.5255268750006508,1.1.12,10.136498745432437,200.0
3200000000,50000000,zarr-icechunk,write,7.367860424000355,1.1.12,3.4745500765201203,50.0
3200000000,50000000,zarr-icechunk,read,2.0497474349995173,1.1.12,12.489343595644518,50.0
3200000000,12500000,zarr-icechunk,write,2.8875029860000723,1.1.12,8.865791697574148,12.5
3200000000,12500000,zarr-icechunk,read,2.731383645999813,1.1.12,9.37253909295822,12.5
3200000000,3125000,zarr-icechunk,write,2.1222447169993757,1.1.12,12.062699364942056,3.125
3200000000,3125000,zarr-icechunk,read,1.9910901089997424,1.1.12,12.857278474885595,3.125
3200000000,781250,zarr-icechunk,write,3.990333558000202,1.1.12,6.415503773782188,0.78125
3200000000,781250,zarr-icechunk,read,1.9852650610000637,1.1.12,12.895003545322142,0.78125
3200000000,200000000,zarr-icechunk,write,3.541695527000229,1.1.12,7.228176393153387,200.0
3200000000,200000000,zarr-icechunk,read,2.4322929970003315,1.1.12,10.52504777655145,200.0
3200000000,50000000,zarr-icechunk,write,2.634225396000147,1.1.12,9.718226860492452,50.0
3200000000,50000000,zarr-icechunk,read,2.0644614160000856,1.1.12,12.400328628858684,50.0
3200000000,12500000,zarr-icechunk,write,5.195742293999501,1.1.12,4.927111190554067,12.5
3200000000,12500000,zarr-icechunk,read,1.8761412269996072,1.1.12,13.645028226867785,12.5
3200000000,3125000,zarr-icechunk,write,2.147319317000438,1.1.12,11.921841245185789,3.125
3200000000,3125000,zarr-icechunk,read,1.8729871539999294,1.1.12,13.66800618217212,3.125
3200000000,781250,zarr-icechunk,write,4.023155004999353,1.1.12,6.363165219383368,0.78125
3200000000,781250,zarr-icechunk,read,1.9198451420006677,1.1.12,13.334408822850305,0.78125
3200000000,200000000,zarr-icechunk,write,6.497045959999923,1.1.12,3.940252255811394,200.0
3200000000,200000000,zarr-icechunk,read,2.4423893499997575,1.1.12,10.481539317227428,200.0
3200000000,50000000,zarr-icechunk,write,3.2746126250003726,1.1.12,7.817718591980658,50.0
3200000000,50000000,zarr-icechunk,read,2.045736575999399,1.1.12,12.513830128638968,50.0
3200000000,12500000,zarr-icechunk,write,2.7946259110003666,1.1.12,9.1604389336089,12.5
3200000000,12500000,zarr-icechunk,read,1.9424998969998342,1.1.12,13.178893877697943,12.5
3200000000,3125000,zarr-icechunk,write,2.097131198999705,1.1.12,12.20715232895813,3.125
3200000000,3125000,zarr-icechunk,read,1.9330970470000466,1.1.12,13.242997830723695,3.125
3200000000,781250,zarr-icechunk,write,3.9415844600007404,1.1.12,6.494850043120779,0.78125
3200000000,781250,zarr-icechunk,read,2.0416061489995627,1.1.12,12.53914718690705,0.78125
3200000000,200000000,zarr-icechunk,write,3.369633684999826,1.1.12,7.5972649828259655,200.0
3200000000,200000000,zarr-icechunk,read,2.5135283019999406,1.1.12,10.184886312849882,200.0
3200000000,50000000,zarr-icechunk,write,5.397499388000142,1.1.12,4.742937082478337,50.0
3200000000,50000000,zarr-icechunk,read,2.1318333210001583,1.1.12,12.008443506263264,50.0
3200000000,12500000,zarr-icechunk,write,3.3494750719992226,1.1.12,7.642988662315963,12.5
3200000000,12500000,zarr-icechunk,read,1.9275296400001025,1.1.12,13.281248427390532,12.5
3200000000,3125000,zarr-icechunk,write,2.209621989999505,1.1.12,11.58569208482838,3.125
3200000000,3125000,zarr-icechunk,read,1.9655451970002105,1.1.12,13.024376157348295,3.125
3200000000,781250,zarr-icechunk,write,3.9298418959997434,1.1.12,6.51425697966595,0.78125
3200000000,781250,zarr-icechunk,read,2.1052409190006074,1.1.12,12.160128453209404,0.78125
3200000000,200000000,tensorstore,write,2.5570110449998538,,10.011689253380393,200.0
3200000000,200000000,tensorstore,read,2.3919416250000722,,10.702602326258372,200.0
3200000000,50000000,tensorstore,write,6.414399133999723,,3.9910207433626015,50.0
3200000000,50000000,tensorstore,read,2.073715593000088,,12.344990839830617,50.0
3200000000,12500000,tensorstore,write,2.2191334319995804,,11.536034575862692,12.5
3200000000,12500000,tensorstore,read,2.010126561999641,,12.735516501276187,12.5
3200000000,3125000,tensorstore,write,3.67479996900056,,6.96636557525673,3.125
3200000000,3125000,tensorstore,read,2.050293991000217,,12.486014255697679,3.125
3200000000,781250,tensorstore,write,12.954034315000172,,1.976218325310161,0.78125
3200000000,781250,tensorstore,read,11.097125966000021,,2.306903614362374,0.78125
3200000000,200000000,tensorstore,write,2.291376333999324,,11.172324519612305,200.0
3200000000,200000000,tensorstore,read,2.360721351000393,,10.844143036683086,200.0
3200000000,50000000,tensorstore,write,5.3534732190000796,,4.781942292929143,50.0
3200000000,50000000,tensorstore,read,2.1081047289999333,,12.143609208705879,50.0
3200000000,12500000,tensorstore,write,5.703745175999757,,4.4882790535102774,12.5
3200000000,12500000,tensorstore,read,2.0472405069995148,,12.504637297119517,12.5
3200000000,3125000,tensorstore,write,3.86076354800025,,6.630812708864279,3.125
3200000000,3125000,tensorstore,read,2.0902295219993903,,12.247458822374947,3.125
3200000000,781250,tensorstore,write,13.046977282000626,,1.962140306269813,0.78125
3200000000,781250,tensorstore,read,10.901659328999813,,2.3482663718816377,0.78125
3200000000,200000000,tensorstore,write,6.987125081999693,,3.6638817395656758,200.0
3200000000,200000000,tensorstore,read,2.3531147149997196,,10.879197617020152,200.0
3200000000,50000000,tensorstore,write,4.324728294000124,,5.919447017172373,50.0
3200000000,50000000,tensorstore,read,2.067613271000482,,12.381425655878386,50.0
3200000000,12500000,tensorstore,write,2.5508332039999004,,10.035936477484006,12.5
3200000000,12500000,tensorstore,read,2.0261182020003616,,12.634998281307297,12.5
3200000000,3125000,tensorstore,write,3.698258101999272,,6.922177764218426,3.125
3200000000,3125000,tensorstore,read,2.068603749000431,,12.375497246570381,3.125
3200000000,781250,tensorstore,write,13.660099585999887,,1.8740712568623739,0.78125
3200000000,781250,tensorstore,read,11.613495311000406,,2.2043320563234268,0.78125
3200000000,200000000,tensorstore,write,5.291420974000175,,4.838019905387923,200.0
3200000000,200000000,tensorstore,read,2.3469560419998743,,10.907745838386424,200.0
3200000000,50000000,tensorstore,write,2.5657041320000644,,9.97776777170477,50.0
3200000000,50000000,tensorstore,read,2.1000383749997127,,12.190253428108665,50.0
3200000000,12500000,tensorstore,write,3.3810948079999434,,7.571512026053908,12.5
3200000000,12500000,tensorstore,read,2.0256480099997134,,12.637931108279577,12.5
3200000000,3125000,tensorstore,write,3.822006273000625,,6.698052847490922,3.125
3200000000,3125000,tensorstore,read,2.073553487999561,,12.345955938998866,3.125
3200000000,781250,tensorstore,write,13.509676444000434,,1.8949380546688672,0.78125
3200000000,781250,tensorstore,read,11.450098588999936,,2.2357886092434014,0.78125
3200000000,200000000,tensorstore,write,2.5716084030000275,,9.954859367443015,200.0
3200000000,200000000,tensorstore,read,2.360180558999673,,10.846627772770985,200.0
3200000000,50000000,tensorstore,write,2.627202330999353,,9.744205727109758,50.0
3200000000,50000000,tensorstore,read,2.0003218250003556,,12.79794065137266,50.0
3200000000,12500000,tensorstore,write,3.847610996000185,,6.653479269763156,12.5
3200000000,12500000,tensorstore,read,2.021669566000128,,12.662801295787219,12.5
3200000000,3125000,tensorstore,write,3.6761551520003195,,6.9637974844642185,3.125
3200000000,3125000,tensorstore,read,2.076514516000316,,12.328351091573158,3.125
3200000000,781250,tensorstore,write,13.046480270999382,,1.962215054807192,0.78125
3200000000,781250,tensorstore,read,10.9386752420005,,2.3403199595601296,0.78125
3200000000,200000000,tiledb,write,8.61288213700027,,2.972291921890397,200.0
3200000000,200000000,tiledb,read,3.364592045999416,,7.608649027878148,200.0
3200000000,50000000,tiledb,write,7.468050104999747,,3.4279362939545868,50.0
3200000000,50000000,tiledb,read,3.319561827999678,,7.711861181216862,50.0
3200000000,12500000,tiledb,write,7.06752363600026,,3.622202247700988,12.5
3200000000,12500000,tiledb,read,3.311242882999977,,7.731235945098195,12.5
3200000000,3125000,tiledb,write,7.090878988999975,,3.610271736369085,3.125
3200000000,3125000,tiledb,read,3.0960296729999754,,8.268654600843744,3.125
3200000000,781250,tiledb,write,7.129352720000497,,3.5907888142751636,0.78125
3200000000,781250,tiledb,read,3.173109538999597,,8.067795859348443,0.78125
3200000000,200000000,tiledb,write,8.53850826300004,,2.9981817914181343,200.0
3200000000,200000000,tiledb,read,3.37586388300042,,7.58324413757082,200.0
3200000000,50000000,tiledb,write,7.248135666999588,,3.5319427196369357,50.0
3200000000,50000000,tiledb,read,3.2700305299995307,,7.82867308581479,50.0
3200000000,12500000,tiledb,write,7.052043832999516,,3.6301532727585584,12.5
3200000000,12500000,tiledb,read,3.148409669999637,,8.1310892429075,12.5
3200000000,3125000,tiledb,write,6.907275192999805,,3.7062371607756965,3.125
3200000000,3125000,tiledb,read,3.2171520850006345,,7.957348401200918,3.125
3200000000,781250,tiledb,write,11.293105736000143,,2.2668697697917026,0.78125
3200000000,781250,tiledb,read,3.461649648000275,,7.395318013996188,0.78125
3200000000,200000000,tiledb,write,6.994692218000637,,3.65991800670216,200.0
3200000000,200000000,tiledb,read,3.3130737419996876,,7.726963537053203,200.0
3200000000,50000000,tiledb,write,7.2350291909997395,,3.5383409415743605,50.0
3200000000,50000000,tiledb,read,3.1125292229999104,,8.22482237623018,50.0
3200000000,12500000,tiledb,write,7.7969439219996275,,3.2833377097618714,12.5
3200000000,12500000,tiledb,read,3.375506934999976,,7.584046038998935,12.5
3200000000,3125000,tiledb,write,8.42384929400032,,3.038990740044812,3.125
3200000000,3125000,tiledb,read,3.2180646849992627,,7.9550918038820795,3.125
3200000000,781250,tiledb,write,6.7512879449996035,,3.7918690786934732,0.78125
3200000000,781250,tiledb,read,2.891408589999628,,8.853816125656351,0.78125
3200000000,200000000,tiledb,write,7.211179333000473,,3.550043455839031,200.0
3200000000,200000000,tiledb,read,3.2939171509997323,,7.771901607249041,200.0
3200000000,50000000,tiledb,write,7.690230650000558,,3.3288988542883486,50.0
3200000000,50000000,tiledb,read,3.222258931000397,,7.944737076747619,50.0
3200000000,12500000,tiledb,write,7.147041281000384,,3.581901795929843,12.5
3200000000,12500000,tiledb,read,3.3849201019993416,,7.562955469725583,12.5
3200000000,3125000,tiledb,write,14.190434562000519,,1.8040321378566013,3.125
3200000000,3125000,tiledb,read,3.9144859620000716,,6.539811420583026,3.125
3200000000,781250,tiledb,write,7.947560090000479,,3.2211143684474437,0.78125
3200000000,781250,tiledb,read,3.842294588999721,,6.662685384221033,0.78125
3200000000,200000000,tiledb,write,8.106513340000674,,3.15795446529147,200.0
3200000000,200000000,tiledb,read,3.6837643730004856,,6.9494129938469404,200.0
3200000000,50000000,tiledb,write,8.582270204999986,,2.9828937319038933,50.0
3200000000,50000000,tiledb,read,3.812422050999885,,6.714891388608426,50.0
3200000000,12500000,tiledb,write,12.45722911700068,,2.055031641431646,12.5
3200000000,12500000,tiledb,read,3.855158730000767,,6.64045290814651,12.5
3200000000,3125000,tiledb,write,7.113850337999793,,3.598613800356949,3.125
3200000000,3125000,tiledb,read,3.177852626999993,,8.055754311101367,3.125
3200000000,781250,tiledb,write,7.322433166000337,,3.4961056549981793,0.78125
3200000000,781250,tiledb,read,3.3637479930002883,,7.610558238391138,0.78125
3200000000,200000000,pyarrow-parquet,write,9.171147932999702,,2.791362672047396,200.0
3200000000,200000000,pyarrow-parquet,read,35.3944550770002,,0.723277133220656,200.0
3200000000,50000000,pyarrow-parquet,write,8.483520134999708,,3.0176152814660444,50.0
3200000000,50000000,pyarrow-parquet,read,35.7066442309997,,0.7169534004479384,50.0
3200000000,12500000,pyarrow-parquet,write,8.45774214999983,,3.026812540034755,12.5
3200000000,12500000,pyarrow-parquet,read,46.2925028210002,,0.5530053127390377,12.5
3200000000,3125000,pyarrow-parquet,write,7.770034443000441,,3.294708689877367,3.125
3200000000,3125000,pyarrow-parquet,read,42.37660288999996,,0.6041069423722282,3.125
3200000000,781250,pyarrow-parquet,write,10.096594912,,2.53550828008103,0.78125
3200000000,781250,pyarrow-parquet,read,42.244730755999626,,0.6059927366530622,0.78125
3200000000,200000000,pyarrow-parquet,write,8.060910735999641,,3.175819809748249,200.0
3200000000,200000000,pyarrow-parquet,read,34.986673075,,0.7317071830500135,200.0
3200000000,50000000,pyarrow-parquet,write,9.527048372000536,,2.6870861782582076,50.0
3200000000,50000000,pyarrow-parquet,read,51.921697228000085,,0.49305013831856315,50.0
3200000000,12500000,pyarrow-parquet,write,8.455744785999741,,3.027527515067173,12.5
3200000000,12500000,pyarrow-parquet,read,37.85921352500009,,0.6761894296376549,12.5
3200000000,3125000,pyarrow-parquet,write,12.626168970000435,,2.027535039395177,3.125
3200000000,3125000,pyarrow-parquet,read,48.07314014499934,,0.5325219014773047,3.125
3200000000,781250,pyarrow-parquet,write,9.0011597419998,,2.84407795592709,0.78125
3200000000,781250,pyarrow-parquet,read,41.753871926999636,,0.6131167917734132,0.78125
3200000000,200000000,pyarrow-parquet,write,8.279616263000207,,3.091930735292745,200.0
3200000000,200000000,pyarrow-parquet,read,35.5542123590003,,0.7200272007578179,200.0
3200000000,50000000,pyarrow-parquet,write,8.153903017999255,,3.1396007462303053,50.0
3200000000,50000000,pyarrow-parquet,read,35.421636164999654,,0.7227221204788818,50.0
3200000000,12500000,pyarrow-parquet,write,8.467984054000226,,3.0231516541303254,12.5
3200000000,12500000,pyarrow-parquet,read,38.8155678130006,,0.6595291900232289,12.5
3200000000,3125000,pyarrow-parquet,write,7.772319720000269,,3.293739954382514,3.125
3200000000,3125000,pyarrow-parquet,read,41.935505147000185,,0.6104612287430922,3.125
3200000000,781250,pyarrow-parquet,write,8.242622130999735,,3.105807787029419,0.78125
3200000000,781250,pyarrow-parquet,read,42.708885852000094,,0.5994068796060885,0.78125
3200000000,200000000,pyarrow-parquet,write,7.881220051999662,,3.248228044781549,200.0
3200000000,200000000,pyarrow-parquet,read,36.579966442000114,,0.6998366179638367,200.0
3200000000,50000000,pyarrow-parquet,write,7.930385266000485,,3.228090331216758,50.0
3200000000,50000000,pyarrow-parquet,read,35.77556224399996,,0.7155722620206609,50.0
3200000000,12500000,pyarrow-parquet,write,8.051770218999991,,3.179425058553081,12.5
3200000000,12500000,pyarrow-parquet,read,39.71055765199981,,0.6446648325703075,12.5
3200000000,3125000,pyarrow-parquet,write,9.121083191999787,,2.8066841910239426,3.125
3200000000,3125000,pyarrow-parquet,read,42.86432956000044,,0.5972331834600549,3.125
3200000000,781250,pyarrow-parquet,write,9.41172583000025,,2.7200112351763353,0.78125
3200000000,781250,pyarrow-parquet,read,48.927647047999926,,0.5232215637691591,0.78125
3200000000,200000000,pyarrow-parquet,write,9.063720936999744,,2.8244470651668214,200.0
3200000000,200000000,pyarrow-parquet,read,44.05860565099829,,0.5810442618812189,200.0
3200000000,50000000,pyarrow-parquet,write,11.593965271998968,,2.208045254528021,50.0
3200000000,50000000,pyarrow-parquet,read,35.31876834100149,,0.7248270877634487,50.0
3200000000,12500000,pyarrow-parquet,write,7.453587002999484,,3.434587935942521,12.5
3200000000,12500000,pyarrow-parquet,read,43.37793252700067,,0.5901618290375005,12.5
3200000000,3125000,pyarrow-parquet,write,9.221693939000033,,2.7760626376606865,3.125
3200000000,3125000,pyarrow-parquet,read,41.5073925329998,,0.6167576047964739,3.125
3200000000,781250,pyarrow-parquet,write,8.109733553999831,,3.1567005043431706,0.78125
3200000000,781250,pyarrow-parquet,read,50.5080184920007,,0.5068502143685254,0.78125
3200000000,200000000,polars-parquet,write,5.607171667999864,,4.565581636478018,200.0
3200000000,200000000,polars-parquet,read,2.991210885000328,,8.558406940939303,200.0
3200000000,50000000,polars-parquet,write,5.3225701810006285,,4.809706425550085,50.0
3200000000,50000000,polars-parquet,read,2.404802496001139,,10.645364865750652,50.0
3200000000,12500000,polars-parquet,write,7.593354901000566,,3.371368826265018,12.5
3200000000,12500000,polars-parquet,read,2.2882156030009355,,11.187756943194628,12.5
3200000000,3125000,polars-parquet,write,9.687975209999422,,2.6424510225394693,3.125
3200000000,3125000,polars-parquet,read,2.180597307999051,,11.739902597371794,3.125
3200000000,781250,polars-parquet,write,6.221989800000301,,4.114439403291654,0.78125
3200000000,781250,polars-parquet,read,2.3941897039985633,,10.692552873836668,0.78125
3200000000,200000000,polars-parquet,write,6.643862164999518,,3.8531804790989153,200.0
3200000000,200000000,polars-parquet,read,3.801172367999243,,6.734764309958043,200.0
3200000000,50000000,polars-parquet,write,10.220173870000508,,2.50484975359805,50.0
3200000000,50000000,polars-parquet,read,2.479495527000836,,10.324680855934197,50.0
3200000000,12500000,polars-parquet,write,8.145249736999176,,3.1429361685147543,12.5
3200000000,12500000,polars-parquet,read,2.2323615240002255,,11.467676594840565,12.5
3200000000,3125000,polars-parquet,write,5.113463308998689,,5.006391647506111,3.125
3200000000,3125000,polars-parquet,read,2.0946346599994285,,12.221701707164048,3.125
3200000000,781250,polars-parquet,write,5.827327750999757,,4.393094243859542,0.78125
3200000000,781250,polars-parquet,read,2.4095373790005397,,10.624446096212342,0.78125
3200000000,200000000,polars-parquet,write,9.002719760999753,,2.8435851253418463,200.0
3200000000,200000000,polars-parquet,read,3.0981078059994616,,8.263108194758685,200.0
3200000000,50000000,polars-parquet,write,5.360433534000549,,4.775733126364211,50.0
3200000000,50000000,polars-parquet,read,2.582163076998768,,9.91416856202387,50.0
3200000000,12500000,polars-parquet,write,5.402135171001646,,4.738866983080938,12.5
3200000000,12500000,polars-parquet,read,2.14144043899978,,11.954570173316238,12.5
3200000000,3125000,polars-parquet,write,4.992829172000711,,5.12735347397068,3.125
3200000000,3125000,polars-parquet,read,1.963593802000105,,13.037319619731939,3.125
3200000000,781250,polars-parquet,write,5.217214440999669,,4.906833002458452,0.78125
3200000000,781250,polars-parquet,read,2.505714277000152,,10.216647698016228,0.78125
3200000000,200000000,polars-parquet,write,8.882737019999695,,2.8819945859436102,200.0
3200000000,200000000,polars-parquet,read,3.274136202999216,,7.818856154044405,200.0
3200000000,50000000,polars-parquet,write,6.093778946999009,,4.201005685085964,50.0
3200000000,50000000,polars-parquet,read,2.4193392919987673,,10.581401329141494,50.0
3200000000,12500000,polars-parquet,write,6.364094309999928,,4.022567666820182,12.5
3200000000,12500000,polars-parquet,read,2.187334626998563,,11.703741935054556,12.5
3200000000,3125000,polars-parquet,write,6.3750798540004325,,4.015635974180891,3.125
3200000000,3125000,polars-parquet,read,2.1571952819995204,,11.867261259848096,3.125
3200000000,781250,polars-parquet,write,5.108105331999468,,5.011642935322827,0.78125
3200000000,781250,polars-parquet,read,2.405460509000477,,10.642452829390816,0.78125
3200000000,200000000,polars-parquet,write,8.906095766000362,,2.8744357429581853,200.0
3200000000,200000000,polars-parquet,read,3.249598362999677,,7.877896632237608,200.0
3200000000,50000000,polars-parquet,write,5.925023361000058,,4.3206580700601815,50.0
3200000000,50000000,polars-parquet,read,2.494925355000305,,10.260828023849582,50.0
3200000000,12500000,polars-parquet,write,8.519333876998644,,3.004929771459886,12.5
3200000000,12500000,polars-parquet,read,2.1375974059992586,,11.976062437273034,12.5
3200000000,3125000,polars-parquet,write,9.059681473001547,,2.8257064088058397,3.125
3200000000,3125000,polars-parquet,read,2.1748144009998214,,11.77111940597367,3.125
3200000000,781250,polars-parquet,write,7.969137641999623,,3.2123927518933435,0.78125
3200000000,781250,polars-parquet,read,2.516585256000326,,10.172514497159037,0.78125
